title,price,make,model,yom,mileage,engine_cc,location
Bajaj CT100 ES 2025,184360,Bajaj,Ct100,2025,0,100,Colombo
Hero Hunk 160R 4V 2025,454950,Hero,Hunk 160R,2025,1,160,Colombo
TVS Ntorq 2026,55700,Tvs,Ntorq,2026,0,125,Colombo
TVS Ntorq 2018,580000,Tvs,Ntorq,2018,61000,125,Colombo
Yamaha Fazer 2019,725000,Yamaha,Fazer,2019,35000,150,Vavuniya
Bajaj Pulsar 150 2007,350000,Bajaj,Pulsar 150,2007,95000,150,Kandy
Bajaj Discover 2010,280000,Bajaj,Discover,2010,80000,150,Ratnapura
Honda Dio 2016,510000,Honda,Dio,2016,40000,110,Ratnapura
Bajaj Pulsar NS200 Brand new 2026,515000,Bajaj,Pulsar Ns200,2026,0,200,Kurunegala
Ranomoto CG125 Pattaya 2016,300000,Ranomoto,Cg125,2016,28145,125,Gampaha
Honda Dio 2015,445000,Honda,Dio,2015,85000,110,Ratnapura
Bajaj Platina 100 Red 2010,208000,Bajaj,Platina 100,2010,75000,100,Matara
Honda CD 125 2026,835000,Honda,Cd 125,2026,130,125,Anuradhapura
Bajaj Discover 100 2013,290000,Bajaj,Discover,2013,45000,100,Ratnapura
Suzuki Gixxer 2019,550000,Suzuki,Gixxer,2019,55000,150,Colombo
Honda Navi 2018,360000,Honda,Navi,2018,34000,110,Galle
Bajaj Pulsar 135 2011,260000,Bajaj,Pulsar 135,2011,80000,135,Ratnapura
Bajaj Discover 125 2015,293000,Bajaj,Discover 125,2015,37000,125,Kurunegala
Yamaha FZs V2 2017,830000,Yamaha,Fzs V2,2017,55000,150,Gampaha
Ranomoto Pattaya 2019,147000,Ranomoto,Pattaya,2019,21000,125,Ampara
Honda Shine SP 2016,400000,Honda,Shine Sp,2016,61316,125,Gampaha
Aprilia SR GT 200 motoGP 2025,2400000,Aprilia,Sr,2025,720,174,Kandy
Honda CD 90 1994,75000,Honda,Cd 90,1994,45000,50,Kalutara
Hero Hunk 2009,225000,Hero,Hunk,2009,55000,150,Gampaha
Bajaj Avenger Street 150 2018,550000,Bajaj,Avenger Street 150,2018,96000,150,Jaffna
Bajaj Platina 2009,200000,Bajaj,Platina,2009,90900,100,Kandy
Honda Dio 2016,430000,Honda,Dio,2016,45000,109,Puttalam
Suzuki GN 125 Brand New 2025,184000,Suzuki,Gn 125,2025,0,125,Kurunegala
TVS Ntorq 125 Brand New 2026,155900,Tvs,Ntorq 125,2026,0,125,Colombo
TVS Ntorq 125 Brand New 2026,99700,Tvs,Ntorq 125,2026,0,125,Colombo
TVS Metro 2014,245000,Tvs,Metro,2014,90359,100,Colombo
Honda PCX 125 2021,1450000,Honda,Pcx 125,2021,16900,125,Kandy
Hero HF Dawn 2016,255000,Hero,Hf Dawn,2016,32500,100,Puttalam
Hero Pleasure 2012,249000,Hero,Pleasure,2012,45000,100,Puttalam
Bajaj CT100 2008,265000,Bajaj,Ct100,2008,43600,100,Puttalam
Yamaha Fzs V4 2025,1165000,Yamaha,Fzs V4,2025,2000,149,Anuradhapura
Yamaha MT 15 V2 2025,1400000,Yamaha,Mt 15,2025,8000,155,Badulla
Hero Splendor i smart 2017,300000,Hero,Splendor I Smart,2017,55688,110,Colombo
Ranomoto Pattaya 2019,147000,Ranomoto,Pattaya,2019,19000,125,Batticaloa
Honda CD 125 1980,320000,Honda,Cd 125,1980,300000,125,Trincomalee
Yamaha Ray ZR 2017,415000,Yamaha,Ray Zr,2017,38580,125,Vavuniya
Ranomoto Safari 4s 2004,135000,Ranomoto,Other Model,2004,11300,48,Polonnaruwa
Hero Pleasure 2011,230000,Hero,Pleasure,2011,55247,100,Hambantota
Bajaj Pulsar 135 2012,238000,Bajaj,Pulsar 135,2012,76833,135,Kalutara
Honda Dio BEG 2016,70000,Honda,Dio,2016,48000,110,Gampaha
Hero Glamour 125cc 2012,200000,Hero,Glamour,2012,100000,125,Kalutara
Aprilia SR 125 2019,315000,Aprilia,Sr 125,2019,38600,125,Colombo
Honda Dio Mat Colour 2012,315000,Honda,Dio,2012,42000,110,Colombo
Bajaj CT100 Brand New 2026,138000,Bajaj,Ct100,2026,0,100,Kegalle
Bajaj Pulsar NS200 2025,490110,Bajaj,Pulsar Ns200,2025,0,200,Colombo
Bajaj CT100 Brand New Blue 2026,174000,Bajaj,Ct100,2026,0,100,Kurunegala
Yamaha FZ S 2014,585000,Yamaha,Fz S,2014,76000,150,Kandy
Honda PCX 125 2025,1675000,Honda,Pcx 125,2025,0,125,Gampaha
Bajaj Pulsar NS200 brand new 2026,303145,Bajaj,Pulsar Ns200,2026,0,200,Colombo
Honda CD80 2001,100000,Honda,Cd80,2001,20000,90,Hambantota
Honda CD 200 1981,950000,Honda,Cd 200,1981,30000,200,Nuwara Eliya
Bajaj Pulsar 150 2014,400000,Bajaj,Pulsar 150,2014,12345,150,Hambantota
TVS Apache 2017,175000,Tvs,Apache,2017,62000,1000,Batticaloa
Hero Hunk 160R 2025,850000,Hero,Hunk 160R,2025,12000,160,Puttalam
Yamaha Ray ZR 2017,450000,Yamaha,Ray Zr,2017,64700,130,Anuradhapura
Bajaj Pulsar 220F 2012,537000,Bajaj,Pulsar 220F,2012,65000,220,Anuradhapura
Bajaj Pulsar NS200 2019,920000,Bajaj,Pulsar Ns200,2019,40000,200,Ampara
Hero Dash 2017,300000,Hero,Dash,2017,43000,110,Gampaha
Bajaj Boxer 2001,60000,Bajaj,Boxer,2001,100000,100,Kurunegala
Bajaj CT100 2025,530000,Bajaj,Ct100,2025,6000,100,Galle
Bajaj Pulsar NS200 ES 2025,490110,Bajaj,Pulsar Ns200,2025,0,200,Colombo
Bajaj Pulsar NS200 2015,595000,Bajaj,Pulsar Ns200,2015,35000,200,Kegalle
Bajaj Pulsar N160 Premium 2025,470110,Bajaj,Pulsar N160,2025,0,160,Colombo
Bajaj Pulsar NS200 2018,920000,Bajaj,Pulsar Ns200,2018,60000,200,Ampara
Yamaha Mate V50 1998,55000,Yamaha,Mate,1998,95000,50,Gampaha
Honda Dio 2018,565000,Honda,Dio,2018,52156,110,Kandy
Bajaj Pulsar NS200 Premium 2025,490110,Bajaj,Pulsar Ns200,2025,0,200,Colombo
Bajaj Pulsar 220F 2011,420000,Bajaj,Pulsar 220F,2011,60000,220,Jaffna
TVS Wego 2012,355500,Tvs,Wego,2012,30000,110,Jaffna
TVS Ntorq 125 Brand New 2026,158500,Tvs,Ntorq 125,2026,0,125,Colombo
TVS Ntorq 125 2021,158500,Tvs,Ntorq 125,2021,0,125,Colombo
TVS Ntorq 125 2026,158500,Tvs,Ntorq 125,2026,0,125,Colombo
TVS Ntorq 125 Brand New 2026,159000,Tvs,Ntorq 125,2026,0,125,Colombo
Bajaj CT100 2026,184000,Bajaj,Ct100,2026,0,100,Gampaha
Bajaj CT100 2006,230000,Bajaj,Ct100,2006,34344,100,Gampaha
Bajaj XCD 125 2010,178000,Bajaj,Xcd 125,2010,65500,125,Batticaloa
Hero Xoom 110 2025,224520,Hero,Xoom 110,2025,0,110,Colombo
Hero Hunk 160R #160Cc 2026,454950,Hero,Hunk 160R,2026,0,160,Colombo
Bajaj Platina 100 ES 2016,360000,Bajaj,Platina 100 Es,2016,46500,100,Colombo
Bajaj Pulsar 150 2018,710000,Bajaj,Pulsar 150,2018,45185,150,Batticaloa
Hero Pleasure 2014,335000,Hero,Pleasure,2014,40000,100,Jaffna
Bajaj CT100 2015,260000,Bajaj,Ct100,2015,36000,100,Puttalam
Bajaj Discover 125 Disc ES New 2025,258975,Bajaj,Discover 125,2025,0,125,Colombo
TVS Metro 2012,165000,Tvs,Metro,2012,63200,100,Polonnaruwa
Hero Dash 2016,260000,Hero,Dash,2016,35550,110,Kurunegala
Yamaha Ray ZR 2025,854900,Yamaha,Ray Zr,2025,0,125,Colombo
Bajaj Platina 2015,360000,Bajaj,Platina,2015,85424,100,Monaragala
Bajaj Pulsar NS200 2018,880000,Bajaj,Pulsar Ns200,2018,55670,200,Colombo
KTM RC 200 2019,1675000,Ktm,Rc 200,2019,67850,199,Batticaloa
TVS Apache 180 2017,535000,Tvs,Apache,2017,55000,180,Batticaloa
Yamaha Ray ZR STREET RALLY 2019,515000,Yamaha,Ray Zr,2019,69000,110,Kurunegala
Suzuki Choi Nori 2022,108500,Suzuki,Other Model,2022,6000,48,Gampaha
TVS Raider 125 2026,156990,Tvs,Raider 125,2026,0,125,Colombo
Bajaj Chetak Electric 2026,342000,Bajaj,Chetak Electric,2026,0,4,Kalutara
Bajaj Pulsar 150 2011,340000,Bajaj,Pulsar 150,2011,78000,150,Gampaha
Honda Dio 2019,620000,Honda,Dio,2019,53200,110,Kurunegala
Rise Leader 125 Brand New 2026,696500,Rise,Leader,2026,0,125,Kegalle
Hero CD 100 2011,170000,Hero,Cd 100,2011,80000,100,Colombo
KTM Duke 160 2026,739950,Ktm,Duke,2026,0,160,Gampaha
Bajaj CT100 used 2025,530000,Bajaj,Ct100,2025,2750,100,Kandy
Bajaj Discover 135 2010,440000,Bajaj,Discover,2010,52000,135,Gampaha
Bajaj CT100 2024,550000,Bajaj,Ct100,2024,6714,100,Colombo
TVS Raider 125 2025,800000,Tvs,Raider 125,2025,0,125,Colombo
TVS Ntorq 125 2026,165800,Tvs,Ntorq 125,2026,0,125,Gampaha
TVS Ntorq 125 2020,595000,Tvs,Ntorq 125,2020,47300,125,Gampaha
Honda Twister 2017,335000,Honda,Twister,2017,60000,110,Ampara
Honda CD50 2000,175000,Honda,Other Model,2000,37385,50,Gampaha
Honda Dio 2016,460000,Honda,Dio,2016,85000,110,Matara
Bajaj Platina 100 Platin 2016,380000,Bajaj,Platina 100,2016,50000,100,Colombo
TVS Raider 125 2026,265000,Tvs,Raider 125,2026,0,125,Colombo
TVS Ntorq 125 2026,195000,Tvs,Ntorq 125,2026,0,125,Colombo
TVS iQube Electric 2026,128000,Tvs,Iqube Electric,2026,0,3,Colombo
Bajaj Platina 2010,320000,Bajaj,Platina,2010,68000,125,Hambantota
TVS Ntorq 125 Brand New 2026,165800,Tvs,Ntorq 125,2026,0,125,Gampaha
TVS Ntorq 125 2026,156840,Tvs,Ntorq 125,2026,0,125,Gampaha
Hero Passion pro 2010,193500,Hero,Passion Pro,2010,75000,100,Batticaloa
Bajaj Pulsar NS200 NS 200 2019,835000,Bajaj,Pulsar Ns200,2019,23500,200,Colombo
TVS Ntorq 125 Brand New 2026,174900,Tvs,Ntorq 125,2026,0,125,Colombo
Honda Dio 2019,620000,Honda,Dio,2019,38608,110,Hambantota
Honda Dio 2016,110500,Honda,Dio,2016,23500,110,Colombo
Honda Dio 2017,495000,Honda,Dio,2017,36700,110,Galle
Bajaj Platina 100 ES 2017,390000,Bajaj,Platina 100 Es,2017,98000,100,Colombo
TVS Stryker 2019,360000,Tvs,Stryker,2019,26500,125,Kalutara
Bajaj Pulsar 150 2011,320000,Bajaj,Pulsar 150,2011,46000,150,Batticaloa
Bajaj Discover 110 2011,240000,Bajaj,Discover 110,2011,78780,99,Galle
Bajaj Pulsar NS200 2016,735000,Bajaj,Pulsar Ns200,2016,28000,199,Ampara
Yamaha FZ V 3 2019,250000,Yamaha,Fz,2019,35000,150,Colombo
Hero Hunk 2016,418000,Hero,Hunk,2016,38248,150,Trincomalee
TVS Ntorq 125 2026,179900,Tvs,Ntorq 125,2026,0,125,Colombo
TVS Scooty Pept 2017,145000,Tvs,Scooty Pept,2017,37000,90,Colombo
Honda Benly 1998,590000,Honda,Benly,1998,140000,125,Kurunegala
Bajaj Discover 2012,240000,Bajaj,Discover,2012,61100,150,Colombo
Bajaj Pulsar 150 2005,195000,Bajaj,Pulsar 150,2005,34495,150,Anuradhapura
Yamaha Ray ZR 2018,450000,Yamaha,Ray Zr,2018,32600,110,Kurunegala
Bajaj Platina 125 2012,195000,Bajaj,Platina 125,2012,55000,125,Jaffna
Ranomoto CG125 2019,148000,Ranomoto,Cg125,2019,21000,125,Trincomalee
Bajaj Pulsar 180 2007,255000,Bajaj,Pulsar 180,2007,33335,180,Kegalle
Honda Activa 2015,315000,Honda,Activa,2015,40000,100,Jaffna
Bajaj Discover 2012,230000,Bajaj,Discover,2012,55000,150,Jaffna
Yamaha FZS V3 2019,850000,Yamaha,Fzs V3,2019,66000,150,Puttalam
Bajaj CT100 Brand New 2025,174000,Bajaj,Ct100,2025,0,100,Gampaha
Bajaj Classic SL 2000,330000,Bajaj,Other Model,2000,80000,125,Galle
TVS Scooty Pep+ 2016,280000,Tvs,Scooty Pep+,2016,65210,90,Gampaha
TVS Wego 110 2013,330000,Tvs,Wego 110,2013,54000,110,Jaffna
Honda Dio 2019,615000,Honda,Dio,2019,38000,110,Colombo
Honda CBR250R 2020,1300000,Honda,Cbr250R,2020,18500,250,Colombo
Honda CD 200 1983,2350000,Honda,Cd 200,1983,80000,200,Kilinochchi
Yadea T5 2024,120000,Yadea,T5,2024,8999,50,Kalutara
Yamaha FZS V3 2020,860000,Yamaha,Fzs V3,2020,44000,150,Kurunegala
Honda CD 125 1984,275000,Honda,Cd 125,1984,112000,125,Matara
Bajaj Pulsar N160 Premium 2025,900000,Bajaj,Pulsar N160,2025,800,160,Colombo
TVS Apache 2019,520000,Tvs,Apache,2019,98000,160,Anuradhapura
Bajaj CT100 ES 100 2024,110000,Bajaj,Ct100,2024,24000,100,Colombo
Honda Dio 2018,579000,Honda,Dio,2018,55000,110,Galle
TVS Streak 2012,190000,Tvs,Streak,2012,60000,90,Batticaloa
Bajaj Discover 125 2009,360000,Bajaj,Discover 125,2009,80000,135,Gampaha
Honda Dio 2016,485000,Honda,Dio,2016,42500,110,Matale
Honda CD 200 1980,1800000,Honda,Cd 200,1980,100000,194,Badulla
Bajaj Pulsar 135 2010,270000,Bajaj,Pulsar 135,2010,86000,135,Colombo
Hero Xoom I3s EFI 110 # 2026,357950,Hero,Xoom I3S,2026,0,110,Colombo
TVS Ntorq 125 2026,159000,Tvs,Ntorq 125,2026,0,125,Colombo
TVS XL Super 2013,180000,Tvs,Xl Super,2013,13000,100,Anuradhapura
Honda Dio 2017,495000,Honda,Dio,2017,65000,110,Kegalle
Bajaj Pulsar NS200 EFI ABS New 2025,509975,Bajaj,Pulsar Ns200,2025,0,200,Colombo
Bajaj Pulsar NS200 2026,515000,Bajaj,Pulsar Ns200,2026,0,200,Kalutara
TVS Ntorq 125 2026,55700,Tvs,Ntorq 125,2026,0,125,Colombo
Bajaj CT100 2025,259000,Bajaj,Ct100,2025,0,100,Colombo
Hero Maestro Edge 2017,310000,Hero,Maestro Edge,2017,65853,111,Gampaha
Suzuki GN 125 2010,500000,Suzuki,Gn 125,2010,9667,125,Gampaha
TVS Wego 110 2015,440000,Tvs,Wego,2015,80000,110,Jaffna
Hero Dash 2016,265000,Hero,Dash,2016,23000,110,Matara
Honda Dio 2017,535000,Honda,Dio,2017,43000,110,Kurunegala
Suzuki Access 2012,160000,Suzuki,Access,2012,33939,48,Matara
Yamaha FZs V2 2018,200000,Yamaha,Fzs V2,2018,50000,150,Kandy
Bajaj Pulsar RS200 2020,1390000,Bajaj,Pulsar Rs200,2020,32000,200,Vavuniya
TVS Jupiter 2014,210000,Tvs,Jupiter,2014,45000,110,Gampaha
TVS Ntorq 125 2025 Race Edition,730000,Tvs,Ntorq 125,2025,4000,125,Colombo
Yamaha FZ S V2 2019,860000,Yamaha,Fz S,2019,59167,150,Gampaha
Honda Navi 2017,355000,Honda,Navi,2017,40000,110,Colombo
Honda Activa 110 2014,410000,Honda,Activa,2014,55000,110,Jaffna
Bajaj CT100 2016,417000,Bajaj,Ct100,2016,47171,99,Kurunegala
Yamaha MT 15 2020,1095000,Yamaha,Mt 15,2020,39000,155,Colombo
Yamaha Ray 2013,230000,Yamaha,Ray,2013,150000,113,Kalutara
Bajaj CT100 2007,245000,Bajaj,Ct100,2007,85000,100,Kurunegala
Aprilia SR 2019,425000,Aprilia,Sr,2019,15130,125,Gampaha
Bajaj Platina 100 2008,189000,Bajaj,Platina,2008,88000,100,Kalutara
TVS Raider 125 2026,157000,Tvs,Raider 125,2026,0,125,Kalutara
Yamaha FZ V2 2016,745000,Yamaha,Fz,2016,27500,153,Matale
Honda XLR 1998,460000,Honda,Xlr,1998,40002,125,Galle
Yamaha FZS V1 2013,569000,Yamaha,Fzs V1,2013,670000,153,Gampaha
TVS Wego 2011,280000,Tvs,Wego,2011,60000,110,Kandy
Bajaj Discover 125 2013,300000,Bajaj,Discover 125,2013,5000,125,Anuradhapura
TVS Ntorq 125 2019,565000,Tvs,Ntorq 125,2019,32000,125,Kalutara
Yamaha Fazer 2015,650000,Yamaha,Fazer,2015,70000,153,Jaffna
TVS Raider 125 2025,188500,Tvs,Raider 125,2025,0,125,Colombo
TVS Ntorq 2025,149900,Tvs,Ntorq,2025,0,125,Kalutara
Bajaj Pulsar 150 2012,220000,Bajaj,Pulsar 150,2012,65000,150,Colombo
Honda Dio 2020,620000,Honda,Dio,2020,37523,110,Matale
Hero HF Deluxe 2025,173370,Hero,Hf Deluxe,2025,0,100,Colombo
Hero Pleasure 2014,267000,Hero,Pleasure,2014,25000,100,Puttalam
Hero Xoom 110 2025,209970,Hero,Xoom 110,2025,0,110,Colombo
Hero Pleasure 2015,335000,Hero,Pleasure,2015,25600,100,Colombo
Hero Xtreme 125R 2025,233070,Hero,Xtreme 125R,2025,0,125,Colombo
Honda PCX160 2025,2025000,Honda,Pcx160,2025,0,160,Kurunegala
TVS Ntorq 2025,178500,Tvs,Ntorq,2025,0,125,Gampaha
Bajaj Discover discovery 125 2023,137000,Bajaj,Discover,2023,25314,125,Colombo
Honda Dio 2014,138000,Honda,Dio,2014,18000,110,Gampaha
Honda Dio 2019,186000,Honda,Dio,2019,19600,110,Gampaha
Yamaha Ray ZR 2019,153000,Yamaha,Ray Zr,2019,63000,110,Gampaha
Hero Hunk 2010,295000,Hero,Hunk,2010,60000,150,Ampara
Bajaj CT100 Brand New 2026,141000,Bajaj,Ct100,2026,0,100,Kurunegala
Honda Grazia 2019,131000,Honda,Grazia,2019,43000,125,Gampaha
Bajaj CT100 Brand New 2025,141000,Bajaj,Ct100,2025,0,100,Kegalle
TVS Ntorq Brand new 2026,149900,Tvs,Ntorq,2026,0,125,Gampaha
TVS Ntorq Brand New 2026,149900,Tvs,Ntorq,2026,0,125,Gampaha
Honda Dio 2015,70000,Honda,Dio,2015,54000,100,Gampaha
Bajaj CT100 2005,140000,Bajaj,Ct100,2005,34000,100,Kandy
Yamaha FZ S VER 2 2018,265000,Yamaha,Fz S,2018,35000,150,Colombo
Hero Pleasure 2013,100000,Hero,Pleasure,2013,54000,100,Gampaha
Bajaj Pulsar N160 Premium 2026,416500,Bajaj,Pulsar N160,2026,0,160,Colombo
Bajaj Pulsar NS200 Efi Dual ABS New 2025,509975,Bajaj,Pulsar Ns200,2025,0,200,Colombo
Bajaj Pulsar N160 USD Premium New 2025,457975,Bajaj,Pulsar N160,2025,0,160,Colombo
Suzuki GN 125 2023,480000,Suzuki,Gn 125,2023,51000,125,Gampaha
Bajaj Discover 125 2026,251000,Bajaj,Discover 125,2026,0,125,Colombo
Honda Navi 2019,388000,Honda,Navi,2019,34000,110,Galle
Bajaj Platina 2013,255000,Bajaj,Platina,2013,52100,100,Gampaha
Bajaj Pulsar N160 2026,955950,Bajaj,Pulsar N160,2026,0,160,Kalutara
TVS Stryker 125 2018,330000,Tvs,Stryker 125,2018,796760,125,Galle
Bajaj Pulsar N125 2026,719950,Bajaj,Pulsar N125,2026,0,125,Kalutara
TVS Ntorq 125 Brand New 2026,199700,Tvs,Ntorq 125,2026,0,125,Kalutara
TVS Sport 110 2026,129600,Tvs,Sport,2026,0,110,Kalutara
Hero Hunk 2018,490000,Hero,Hunk,2018,41500,150,Jaffna
TVS Ntorq 125 2019,520000,Tvs,Ntorq 125,2019,36000,125,Gampaha
Bajaj Pulsar NS200 Efi DUAL ABS NEW 2026,509975,Bajaj,Pulsar Ns200,2026,0,200,Colombo
Dyno Scooby 125 2024,285000,Dyno,Scooby 125,2024,14000,125,Gampaha
Bajaj Boxer 2012,240000,Bajaj,Boxer,2012,47000,100,Gampaha
Bajaj Pulsar N125 Efi Disc New 2025,327475,Bajaj,Pulsar N125,2025,0,125,Colombo
TVS Wego 2013,335000,Tvs,Wego,2013,47000,110,Gampaha
Hero Pleasure 2014,385000,Hero,Pleasure,2014,55000,100,Puttalam
Hero Glamour 2009,160000,Hero,Glamour,2009,52000,125,Kegalle
TVS Wego 2011,297000,Tvs,Wego,2011,70000,110,Gampaha
TVS XL 100 2025,100000,Tvs,Xl 100,2025,6500,100,Monaragala
Hero CD 100 2016,220000,Hero,Cd 100,2016,70000,100,Batticaloa
TVS Flame 2009,90000,Tvs,Flame,2009,100000,125,Ratnapura
Yamaha Ray ZR 2019,530000,Yamaha,Ray Zr,2019,27050,110,Jaffna
Yamaha Ray ZR 2026,270000,Yamaha,Ray Zr,2026,0,125,Gampaha
TVS Ntorq 125 BRAND NEW 2026,156980,Tvs,Ntorq 125,2026,0,125,Colombo
Hero Passion Plus 2009,175000,Hero,Passion Plus,2009,14000,90,Jaffna
Bajaj Pulsar NS200 2026,514000,Bajaj,Pulsar Ns200,2026,0,200,Gampaha
Hero Pleasure 2011,230000,Hero,Pleasure,2011,60000,110,Anuradhapura
Honda Dio 2018,575000,Honda,Dio,2018,60000,110,Galle
Bajaj Discover 125M 2015,340000,Bajaj,Discover,2015,45000,125,Kandy
TVS Raider 125 2025,700000,Tvs,Raider 125,2025,21000,125,Colombo
Yamaha Ray ZR Street Rally Hybrid 2025,256470,Yamaha,Ray Zr,2025,0,125,Gampaha
Yamaha Fzs V4 2025,368970,Yamaha,Fzs V4,2025,0,150,Gampaha
Yamaha Ray ZR DISC 125 2025,247470,Yamaha,Ray Zr,2025,0,125,Gampaha
Bajaj CT100 ES 100 New CTES 2025,258975,Bajaj,Ct100,2025,0,100,Colombo
Bajaj CT100 2026,174000,Bajaj,Ct100,2026,0,100,Kegalle
Yamaha Ray ZR STREET RALLY 2025,256470,Yamaha,Ray Zr,2025,0,125,Gampaha
TVS Ntorq 125 Brand New 2026,156800,Tvs,Ntorq 125,2026,0,125,Gampaha
Demak DTM 2016,170000,Demak,Dtm,2016,12354,150,Kandy
Hero Dash 2016,225000,Hero,Dash,2016,85000,125,Gampaha
Bajaj Platina 2007,150000,Bajaj,Platina,2007,90000,100,Kandy
Bajaj Platina 100 2008,215000,Bajaj,Platina,2008,59200,100,Colombo
Bajaj Aspire NS 400 2026,2100000,Bajaj,Aspire,2026,130,400,Vavuniya
TVS Ntorq 125 2026,155900,Tvs,Ntorq 125,2026,0,125,Colombo
Bajaj CT100 2026,577950,Bajaj,Ct100,2026,0,100,Kalutara
Demak DZM 2014,195000,Demak,Dzm,2014,55000,200,Kandy
TVS Scooty Pep+ 2010,55000,Tvs,Scooty Pep+,2010,69000,100,Gampaha
Hero XOOM 125R 2026,248000,Hero,Xoom 125R,2026,3,125,Gampaha
Yamaha Ray ZR speed Really 2019,515000,Yamaha,Ray Zr,2019,69500,125,Kurunegala
Yamaha MT 15 2025,1452000,Yamaha,Mt 15,2025,8100,155,Jaffna
Hero Dawn Cd 2006,190000,Hero,Dawn,2006,161950,100,Kurunegala
Kawasaki Ninja 250 2023,4500000,Kawasaki,Ninja 250,2023,3029,250,Kurunegala
Bajaj Pulsar 150 2018,145000,Bajaj,Pulsar 150,2018,65000,150,Kurunegala
TVS Ntorq Race Edition 2019,575000,Tvs,Ntorq,2019,53000,125,Matara
TVS Victor 2003,70000,Tvs,Victor,2003,62100,110,Gampaha
Bajaj CT100 2017,118000,Bajaj,Ct100,2017,60000,100,Gampaha
TVS Scooty Pep+ 2007,220000,Tvs,Scooty Pep+,2007,25000,90,Colombo
Honda PCX160 2022,1740000,Honda,Pcx160,2022,120,160,Colombo
Bajaj Pulsar 150 . 2018,95000,Bajaj,Pulsar 150,2018,90000,150,Colombo
Honda Hornet 600F 2012,1550000,Honda,Hornet,2012,18562,600,Colombo
TVS Ntorq 125 2026,59900,Tvs,Ntorq 125,2026,0,125,Colombo
Bajaj Discover 125 2014,85000,Bajaj,Discover 125,2014,41318,125,Gampaha
TVS Metro 2012,235000,Tvs,Metro,2012,55000,100,Anuradhapura
Bajaj Platina 100 2017,450000,Bajaj,Platina 100,2017,57150,102,Kandy
Bajaj Pulsar NS200 2026,510000,Bajaj,Pulsar Ns200,2026,0,200,Gampaha
Bajaj Pulsar NS200 Brand New 2026,303145,Bajaj,Pulsar Ns200,2026,0,200,Colombo
Bajaj Pulsar NS200 New 2019,270000,Bajaj,Pulsar Ns200,2019,34000,200,Colombo
Bajaj Pulsar 135 2013,305000,Bajaj,Pulsar 135,2013,65200,135,Galle
Hero XOOM 125R White 2026,248000,Hero,Xoom 125R,2026,3,125,Gampaha
Hero Pleasure 2015,305000,Hero,Pleasure,2015,38000,110,Galle
Suzuki Burgman 2018,200000,Suzuki,Burgman,2018,35000,125,Colombo
Bajaj CT100 Brandnew 2026,184500,Bajaj,Ct100,2026,0,100,Colombo
Hero HF Deluxe 2020,450000,Hero,Hf Deluxe,2020,32900,110,Batticaloa
Bajaj Pulsar N160 2026,416500,Bajaj,Pulsar N160,2026,0,160,Colombo
TVS Ntorq 125 Brand New 2026,178500,Tvs,Ntorq 125,2026,0,125,Colombo
Hero Xoom 110 2025,270000,Hero,Xoom 110,2025,0,110,Colombo
Yamaha RayZR 2026,284950,Yamaha,Rayzr,2026,1,125,Gampaha
Bajaj Pulsar N160 Premium 2026,377350,Bajaj,Pulsar N160,2026,0,160,Kegalle
Hero Xoom 110 2025,715900,Hero,Xoom 110,2025,0,110,Colombo
Bajaj Pulsar N160 160 2026,416500,Bajaj,Pulsar N160,2026,0,160,Colombo
TVS Ntorq Brand New 2026,178500,Tvs,Ntorq,2026,0,125,Kalutara
Bajaj Pulsar 180 2011,365000,Bajaj,Pulsar 180,2011,754008,180,Trincomalee
TVS Raider 125 Brand New 2026,99700,Tvs,Raider 125,2026,0,125,Kalutara
Honda Super Cub 2005,185000,Honda,Super Cub,2005,50000,50,Kurunegala
Hero XOOM 125R 2026,248000,Hero,Xoom 125R,2026,2,125,Gampaha
Hero Xoom 110 combat 2025,719900,Hero,Other Model,2025,0,110,Colombo
Hero HF Deluxe 2025,200000,Hero,Hf Deluxe,2025,0,100,Colombo
Bajaj Pulsar 135 2012,245000,Bajaj,Pulsar 135,2012,100000,135,Kalutara
TVS Ntorq 2025,700000,Tvs,Ntorq,2025,1669,125,Puttalam
Hero HF Deluxe 2025,577900,Hero,Hf Deluxe,2025,0,100,Colombo
Bajaj CT100 2009,240000,Bajaj,Ct100,2009,38257,100,Monaragala
Hero Xtreme 125R 2025,776900,Hero,Xtreme 125R,2025,0,125,Colombo
TVS Raider 125 2026,259000,Tvs,Raider 125,2026,0,125,Colombo
Hero Xtreme 125R 2025,275000,Hero,Xtreme 125R,2025,0,125,Colombo
Hero Hunk 160R 2025,320000,Hero,Hunk 160R,2025,0,160,Colombo
Hero Hunk 160R 2025,909900,Hero,Hunk 160R,2025,0,160,Colombo
TVS Apache RTR 160 2009,240000,Tvs,Apache Rtr 160,2009,100000,160,Colombo
Yamaha Ray ZR 125 2026,269950,Yamaha,Ray Zr,2026,0,125,Colombo
Bajaj Discover 100 2012,230000,Bajaj,Discover,2012,36161,100,Galle
Hero Xoom 110 Brand New 2026,214970,Hero,Xoom 110,2026,0,110,Colombo
Bajaj CT100 2026,184500,Bajaj,Ct100,2026,0,100,Colombo
Bajaj CT100 ES 2026,184500,Bajaj,Ct100,2026,0,100,Colombo
Bajaj Discover 125 2015,80000,Bajaj,Discover 125,2015,36000,125,Colombo
Bajaj Pulsar 150 2013,162500,Bajaj,Pulsar 150,2013,12345,150,Kandy
Hero Xoom 110 Combat 2026,359950,Hero,Xoom 110,2026,0,110,Colombo
Hero Xoom 110 2026,357950,Hero,Xoom 110,2026,0,110,Colombo
Bajaj Platina NEW 2018,145000,Bajaj,Platina,2018,34000,100,Colombo
Hero HF Deluxe 100Cc 2026,288950,Hero,Hf Deluxe,2026,0,100,Colombo
KTM Duke 125 2019,830000,Ktm,Duke 125,2019,57000,125,Jaffna
Bajaj Pulsar 135 2015,295000,Bajaj,Pulsar 135,2015,29000,135,Puttalam
TVS Ntorq Brand New 2026,199700,Tvs,Ntorq,2026,0,125,Kalutara
Hero XOOM 125R 2026,417950,Hero,Xoom 125R,2026,0,125,Colombo
Yamaha Ray ZR 125 2026,269950,Yamaha,Ray Zr,2026,1,125,Gampaha
TVS Sport Brand New 2026,149900,Tvs,Sport,2026,0,110,Colombo
Yamaha FZS V3 2020,248000,Yamaha,Fzs V3,2020,48000,150,Gampaha
TVS Raider 125 2026,157500,Tvs,Raider 125,2026,0,125,Colombo
Bajaj Pulsar N160 Brand New 2026,279135,Bajaj,Pulsar N160,2026,0,160,Gampaha
Honda PCX 125 2025,1750000,Honda,Pcx 125,2025,0,125,Gampaha
Bajaj Pulsar NS200 2018,185000,Bajaj,Pulsar Ns200,2018,31300,200,Colombo
Ranomoto Pattaya 2020,240000,Ranomoto,Pattaya,2020,17500,125,Puttalam
Bajaj Pulsar 150 2015,549000,Bajaj,Pulsar 150,2015,55000,150,Kandy
Bajaj CT100 2026,184360,Bajaj,Ct100,2026,0,100,Gampaha
Bajaj CT100 2026,149045,Bajaj,Ct100,2026,0,100,Colombo
Honda Dio 2015,480000,Honda,Dio,2015,59000,109,Anuradhapura
Bajaj Discover 125 2007,250000,Bajaj,Discover 125,2007,76000,125,Gampaha
Bajaj Discover 2010,76500,Bajaj,Discover,2010,29500,135,Colombo
TVS Metro 2011,145000,Tvs,Metro,2011,29500,110,Colombo
Hero Hunk 2016,86500,Hero,Hunk,2016,23500,150,Colombo
Hero Pleasure 2014,86500,Hero,Pleasure,2014,23500,100,Colombo
Hero Xtream 2013,36500,Hero,Xtream,2013,29500,150,Colombo
Bajaj CT100 2018,65000,Bajaj,Ct100,2018,26500,100,Colombo
Honda Dio 2016,116500,Honda,Dio,2016,23500,110,Colombo
Yamaha FZ S 2015,86500,Yamaha,Fz S,2015,26580,150,Colombo
Bajaj Pulsar N160 Premium 2026,416110,Bajaj,Pulsar N160,2026,0,160,Colombo
TVS Ntorq 125 BRAND NEW 2026,156800,Tvs,Ntorq 125,2026,0,125,Colombo
TVS Ntorq 125 BRAND NEW 2021,156800,Tvs,Ntorq 125,2021,0,125,Colombo
TVS Ntorq Brand New 2026,168500,Tvs,Ntorq,2026,0,125,Gampaha
KTM Duke 160 2026,771880,Ktm,Duke,2026,0,160,Colombo
Bajaj Discover 125 2026,198245,Bajaj,Discover 125,2026,0,125,Colombo
Bajaj Pulsar N160 2026,279135,Bajaj,Pulsar N160,2026,0,160,Colombo
Bajaj Pulsar 135 2014,345000,Bajaj,Pulsar 135,2014,50000,135,Kandy
Bajaj CT100 ES 2026,149000,Bajaj,Ct100,2026,0,100,Colombo
Hero Splendor i smart 2016,310000,Hero,Splendor I Smart,2016,75000,140,Ampara
Hero Duet 2019,265000,Hero,Duet,2019,52500,110,Matale
Bajaj Pulsar N160 Premium 2026,279135,Bajaj,Pulsar N160,2026,0,160,Colombo
Ranomoto Pattaya 2017,150000,Ranomoto,Pattaya,2017,13000,125,Colombo
Dyno Scooby 125 2022,300000,Dyno,Scooby 125,2022,33000,125,Puttalam
TVS Ntorq 125 BRAND NEW 2026,165800,Tvs,Ntorq 125,2026,0,125,Colombo
Bajaj CT100 2025,185000,Bajaj,Ct100,2025,0,100,Colombo
Yamaha MT 15 V2 2025,1460000,Yamaha,Mt 15,2025,4500,160,Matara
Bajaj CT100 2026,185000,Bajaj,Ct100,2026,0,100,Colombo
Bajaj CT100 2026,149000,Bajaj,Ct100,2026,0,100,Colombo
Bajaj CT100 CT 100 ES 2025,185000,Bajaj,Ct100,2025,0,100,Colombo
Bajaj Pulsar NS160 2025,930000,Bajaj,Pulsar Ns160,2025,800,160,Matara
TVS Raider 125 2025,645000,Tvs,Raider 125,2025,4935,125,Colombo
Bajaj Boxer 2003,158000,Bajaj,Boxer,2003,87000,100,Kegalle
Yamaha TW 200 2007,690000,Yamaha,Tw 200,2007,72000,200,Kandy
TVS Raider 125 2026,158200,Tvs,Raider 125,2026,0,125,Colombo
Bajaj Pulsar 150 2020,735000,Bajaj,Pulsar 150,2020,35000,150,Gampaha
TVS Wego 2016,85000,Tvs,Wego,2016,29500,110,Colombo
Hero Pleasure 2013,80000,Hero,Pleasure,2013,38000,110,Gampaha
Bajaj Platina 2014,65000,Bajaj,Platina,2014,32000,100,Colombo
TVS Metro 2016,285000,Tvs,Metro,2016,31000,100,Colombo
Bajaj Discover 125 2024,620000,Bajaj,Discover 125,2024,6500,125,Colombo
Suzuki GN 125 2017,655000,Suzuki,Gn 125,2017,23500,125,Colombo
Hero Pleasure 2018,395000,Hero,Pleasure,2018,23510,100,Colombo
Bajaj Pulsar N125 2025,255000,Bajaj,Pulsar N125,2025,0,125,Colombo
TVS Metro 2018,85000,Tvs,Metro,2018,26500,100,Colombo
Bajaj Discover 125 2023,90000,Bajaj,Discover 125,2023,21000,125,Colombo
Bajaj CT100 2006,215000,Bajaj,Ct100,2006,65000,100,Puttalam
Honda Dio 2015,86500,Honda,Dio,2015,28600,110,Colombo
Honda Dio 2016,75000,Honda,Dio,2016,26500,110,Colombo
Yamaha Ray ZR 2017,450000,Yamaha,Ray Zr,2017,570919,100,Anuradhapura
Bajaj CT100 2010,250000,Bajaj,Ct100,2010,98000,100,Anuradhapura
TVS Wego 110 2016,425000,Tvs,Wego 110,2016,70000,110,Matara
Demak DTM 2017,410000,Demak,Dtm,2017,300000,200,Matara
Bajaj Discover 125 2025,326000,Bajaj,Discover 125,2025,0,125,Colombo
Hero Dash 2017,335000,Hero,Dash,2017,28660,110,Kandy
Honda Dio 2017,520000,Honda,Dio,2017,42902,110,Anuradhapura
Bajaj CT100 2025,264000,Bajaj,Ct100,2025,0,100,Colombo
Bajaj CT100 2008,220000,Bajaj,Ct100,2008,72000,100,Anuradhapura
TVS Scooty Pep+ pepx 2019,380000,Tvs,Scooty Pep+,2019,43339,100,Hambantota
Suzuki Gixxer 2017,490000,Suzuki,Gixxer,2017,62000,150,Jaffna
Bajaj Discover 2010,400000,Bajaj,Discover,2010,75000,135,Badulla
Yamaha Ray ZR Street Rally 2020,565000,Yamaha,Ray Zr,2020,36500,115,Colombo
TVS Ntorq 125 Disk Break 2019,85000,Tvs,Ntorq 125,2019,45000,125,Colombo
Bajaj CT100 2012,310000,Bajaj,Ct100,2012,18000,110,Kurunegala
Bajaj Pulsar 150 2018,630000,Bajaj,Pulsar 150,2018,64000,150,Kandy
Bajaj Pulsar N160 Premium 2026,416000,Bajaj,Pulsar N160,2026,0,160,Gampaha
Bajaj Pulsar N160 2026,457975,Bajaj,Pulsar N160,2026,0,160,Gampaha
Bajaj Pulsar NS200 2026,184000,Bajaj,Pulsar Ns200,2026,0,100,Gampaha
TVS Sport Brand New 2026,141500,Tvs,Sport,2026,0,125,Colombo
Hero Dawn 2005,145000,Hero,Dawn,2005,48500,100,Anuradhapura
Bajaj CT100 2025,152950,Bajaj,Ct100,2025,0,100,Colombo
TVS Sport 2026,140000,Tvs,Sport,2026,0,110,Colombo
Bajaj CT100 2011,283000,Bajaj,Ct100,2011,81000,100,Puttalam
Bajaj Discover 125 2017,60000,Bajaj,Discover 125,2017,35000,125,Colombo
TVS Raider 125 Brand New 2026,178500,Tvs,Raider 125,2026,0,125,Colombo
TVS Raider 125 2026,178000,Tvs,Raider 125,2026,0,125,Colombo
Bajaj Discover 125 2017,60000,Bajaj,Discover 125,2017,65000,125,Colombo
Senaro GN 125 2026,184000,Senaro,Gn 125,2026,0,125,Gampaha
Bajaj Pulsar N160 2026,416000,Bajaj,Pulsar N160,2026,0,160,Gampaha
TVS Ntorq 125 2026,168000,Tvs,Ntorq 125,2026,0,125,Colombo
TVS Ntorq 125 2026,168500,Tvs,Ntorq 125,2026,0,125,Colombo
Yamaha Ray ZR 2019,80000,Yamaha,Ray Zr,2019,35000,115,Colombo
Honda PCX 150 2020,1280000,Honda,Pcx,2020,41000,149,Colombo
Bajaj Platina 100 2007,215000,Bajaj,Platina 100,2007,10523,100,Trincomalee
Bajaj Pulsar RS200 2018,1055000,Bajaj,Pulsar Rs200,2018,59000,200,Jaffna
Bajaj Pulsar 135 2017,360000,Bajaj,Pulsar 135,2017,64200,135,Kegalle
TVS Wego 2018,500000,Tvs,Wego,2018,35000,110,Matara
Bajaj Discover 125 2014,380000,Bajaj,Discover 125,2014,50000,125,Hambantota
TVS Star Sport 125 2012,195000,Tvs,Star Sport 125,2012,68000,125,Colombo
TVS Raider 125 2026,285000,Tvs,Raider 125,2026,0,125,Colombo
Bajaj Pulsar 150 2015,520000,Bajaj,Pulsar 150,2015,82000,150,Gampaha
Honda Dio 2018,520000,Honda,Dio,2018,46000,110,Mannar
Demak DTM 200 2016,365000,Demak,Dtm,2016,22000,200,Matara
Yamaha Ray ZR 2019,430000,Yamaha,Ray Zr,2019,46000,110,Anuradhapura
Bajaj Platina 125 2009,205000,Bajaj,Platina 125,2009,125000,125,Anuradhapura
Bajaj Pulsar N160 premium 2025,255000,Bajaj,Pulsar N160,2025,0,160,Kurunegala
Bajaj Pulsar NS200 2025,334000,Bajaj,Pulsar Ns200,2025,0,200,Kurunegala
TVS Ntorq 125 2026,199000,Tvs,Ntorq 125,2026,0,125,Colombo
Suzuki GN 125 2007,460000,Suzuki,Gn 125,2007,58000,125,Gampaha
Bajaj Pulsar 150 2018,665000,Bajaj,Pulsar 150,2018,57700,150,Matara
Yamaha FZS V3 2020,1000000,Yamaha,Fzs V3,2020,10000,160,Galle
Hero Pleasure 2014,325000,Hero,Pleasure,2014,10000,100,Kurunegala
Bajaj Discover 125 Brand New 2026,251000,Bajaj,Discover 125,2026,0,125,Colombo
Bajaj CT100 Brand New 2026,185000,Bajaj,Ct100,2026,0,100,Colombo
Bajaj Discover 150 2011,230000,Bajaj,Discover,2011,89000,150,Anuradhapura
KTM Duke 125 2019,822000,Ktm,Duke 125,2019,56000,125,Jaffna
Hero Maestro Edge 2020,338000,Hero,Maestro Edge,2020,34500,110,Colombo
TVS Raider 125 2026,199500,Tvs,Raider 125,2026,0,125,Colombo
Bajaj Pulsar NS200 Brand New 2026,515000,Bajaj,Pulsar Ns200,2026,0,200,Colombo
Demak Skyline 2017,385000,Demak,Skyline,2017,45000,225,Gampaha
TVS Scooty Pep+ 2011,195000,Tvs,Scooty Pep+,2011,45000,90,Matara
Bajaj Boxer 1997,110000,Bajaj,Boxer,1997,50000,100,Matale
Honda Dio 110 2020,588000,Honda,Dio,2020,39744,110,Gampaha
NWOW SE 2018,200000,Nwow,Se,2018,22500,100,Colombo
Bajaj Pulsar N125 Brand New 2026,255000,Bajaj,Pulsar N125,2026,0,125,Colombo
Bajaj Platina 100 2011,235000,Bajaj,Platina,2011,39444,100,Gampaha
TVS Raider 125 2026,156900,Tvs,Raider 125,2026,0,125,Colombo
Honda Twister dawn pemant 100000 2017,338000,Honda,Twister,2017,39885,110,Gampaha
Honda Dio DX 2018,585000,Honda,Dio,2018,42000,110,Kegalle
TVS Sport 110 2026,108500,Tvs,Sport,2026,0,110,Colombo
E Bike ZS 2025,130000,Other Brand,Other Model,2025,0,1200,Gampaha
E Bike ZL 2025,147000,Other Brand,Other Model,2025,0,2000,Gampaha
XGW 2025,112000,Other Brand,Other Model,2025,0,1200,Gampaha
E Bike G18 2025,182000,Other Brand,Other Model,2025,0,2000,Gampaha
Bajaj Discover 125 Disc ES New 2025,325975,Bajaj,Discover 125,2025,0,125,Colombo
Bajaj Discover 125 ES Disc New 2025,325975,Bajaj,Discover 125,2025,0,125,Colombo
TVS Sport 110 2026,108000,Tvs,Sport,2026,0,110,Colombo
Bajaj Pulsar NS200 2018,900000,Bajaj,Pulsar Ns200,2018,78990,200,Colombo
Bajaj CT100 2019,510000,Bajaj,Ct100,2019,27000,100,Colombo
Bajaj Discover 2010,260000,Bajaj,Discover,2010,56000,135,Vavuniya
Bajaj CT100 2016,450000,Bajaj,Ct100,2016,92458,100,Puttalam
Honda ADV 160 2025,2100000,Honda,Adv 160,2025,0,160,Colombo
TVS IQUBE S 2026,129500,Tvs,Iqube S,2026,0,125,Kalutara
TVS Ntorq 2026,139500,Tvs,Ntorq,2026,0,125,Kalutara
Ranomoto Pattaya 2019,147000,Ranomoto,Pattaya,2019,20000,125,Ampara
Yamaha Ray ZR STREET RALLY 2019,115000,Yamaha,Ray Zr,2019,68500,110,Kurunegala
Bajaj Platina 2010,210000,Bajaj,Platina,2010,62000,100,Puttalam
Hero Dash 2016,275000,Hero,Dash,2016,35800,110,Kurunegala
Honda Grazia 125 2019,535000,Honda,Grazia,2019,48000,125,Colombo
Bajaj Pulsar 135 2016,290000,Bajaj,Pulsar 135,2016,25000,135,Galle
Bajaj Pulsar 150 2014,570000,Bajaj,Pulsar 150,2014,21627,150,Kandy
Bajaj Pulsar 150 2016,540000,Bajaj,Pulsar 150,2016,43500,150,Batticaloa
Honda CBR 2025,4000000,Honda,Cbr,2025,0,250,Anuradhapura
Bajaj Pulsar 135 2011,225000,Bajaj,Pulsar 135,2011,75000,135,Colombo
Honda Dio 2019,560000,Honda,Dio,2019,40000,110,Colombo
Hero Dawn 2004,145000,Hero,Dawn,2004,150000,100,Batticaloa
Hero Pleasure 2012,130000,Hero,Pleasure,2012,38800,110,Hambantota
Hero Dash 2017,360000,Hero,Dash,2017,34995,770,Kandy
Hero Dash 2015,295000,Hero,Dash,2015,55000,102,Gampaha
Bajaj Pulsar 135 2008,155000,Bajaj,Pulsar 135,2008,37000,135,Colombo
Honda Hornet 2007,2050000,Honda,Hornet,2007,39000,250,Gampaha
Bajaj Pulsar 135 2018,530000,Bajaj,Pulsar 135,2018,20000,135,Colombo
Bajaj Pulsar NS200 2025,1079950,Bajaj,Pulsar Ns200,2025,0,200,Colombo
Bajaj Pulsar N160 Premium 2025,955950,Bajaj,Pulsar N160,2025,0,160,Colombo
Bajaj CT100 2025,577950,Bajaj,Ct100,2025,0,100,Colombo
TVS Wego 2017,440000,Tvs,Wego,2017,82680,110,Kalutara
Bajaj Pulsar 150 2016,565000,Bajaj,Pulsar 150,2016,53000,150,Colombo
Hero Hunk 2014,360000,Hero,Hunk,2014,166380,150,Anuradhapura
Suzuki Gixxer SF 2017,520000,Suzuki,Gixxer Sf,2017,49000,150,Kegalle
Bajaj Pulsar NS200 2019,870000,Bajaj,Pulsar Ns200,2019,50000,200,Kalutara
TVS Apache 200 2017,500000,Tvs,Apache,2017,38000,200,Colombo
Bajaj Pulsar NS160 2018,700000,Bajaj,Pulsar Ns160,2018,22639,160,Badulla
TVS Apache RTR 200 Race Edition 2019,790000,Tvs,Apache Rtr 200,2019,62000,200,Colombo
TVS Stryker 2018,400000,Tvs,Stryker,2018,70000,125,Gampaha
Bajaj Pulsar 135 2010,235000,Bajaj,Pulsar 135,2010,121950,135,Gampaha
Honda Dio 2018,575000,Honda,Dio,2018,62000,100,Hambantota
TVS Star Sport 2019,370000,Tvs,Star Sport,2019,104000,100,Gampaha
Bajaj Discover 135 2008,320000,Bajaj,Discover,2008,85000,135,Polonnaruwa
TVS Wego 110 2014,330000,Tvs,Wego 110,2014,52000,110,Colombo
Mahindra Centuro Rockstar DB 2019,225000,Mahindra,Centuro,2019,10550,110,Colombo
Honda PCX 125 2021,1485000,Honda,Pcx 125,2021,20000,125,Puttalam
Honda PCX160 Brand New 2025,1860000,Honda,Pcx160,2025,0,157,Gampaha
TVS Apache 2012,360000,Tvs,Apache,2012,66000,180,Ampara
Bajaj Platina 2011,255000,Bajaj,Platina,2011,67000,125,Colombo
Honda Dio 2013,525000,Honda,Dio,2013,49427,110,Kurunegala
Hero Super Splendor 2011,230000,Hero,Super Splendor,2011,56230,100,Jaffna
Ranomoto Pattaya 2019,149000,Ranomoto,Pattaya,2019,19000,125,Batticaloa
Bajaj Discover 125 2014,325000,Bajaj,Discover 125,2014,86000,125,Gampaha
Hero HF Deluxe 2012,300000,Hero,Hf Deluxe,2012,80000,110,Hambantota
Bajaj Discover 125 2015,96500,Bajaj,Discover 125,2015,45000,125,Colombo
Bajaj Platina 2014,390000,Bajaj,Platina,2014,55500,100,Kalutara
Bajaj Pulsar 150 2016,495000,Bajaj,Pulsar 150,2016,44000,100,Kandy
Bajaj Pulsar 150 2017,660000,Bajaj,Pulsar 150,2017,61000,150,Batticaloa
Yamaha RayZR 2014,320000,Yamaha,Rayzr,2014,25000,113,Anuradhapura
Bajaj Byk 2005,100000,Bajaj,Byk,2005,80000,100,Matale
Bajaj Discover 125 2006,240000,Bajaj,Discover 125,2006,33330,125,Gampaha
Honda Dio 2012,178000,Honda,Dio,2012,66255,110,Gampaha
Bajaj Pulsar 150 2019,750000,Bajaj,Pulsar 150,2019,37000,150,Ampara
Demak DTM 2016,375000,Demak,Dtm,2016,15000,150,Kegalle
Bajaj Pulsar 150 2018,650000,Bajaj,Pulsar 150,2018,59000,150,Batticaloa
TVS Apache Trim 2017,570000,Tvs,Apache,2017,65000,200,Badulla
Honda Super Club 1999,280000,Honda,Super Club,1999,100000,90,Puttalam
Bajaj CT100 ES 2025,185000,Bajaj,Ct100,2025,0,100,Colombo
Bajaj CT100 ES 100 New 2025,258975,Bajaj,Ct100,2025,0,100,Colombo
Bajaj CT100 ES 100 New CT ® 2025,258975,Bajaj,Ct100,2025,0,100,Colombo
Honda Little Cub 2010,295000,Honda,Little Cub,2010,56230,50,Kurunegala
Yamaha Ray ZR 2018,490000,Yamaha,Ray Zr,2018,1115,125,Anuradhapura
Bajaj CT100 2005,240000,Bajaj,Ct100,2005,8437,100,Colombo
TVS Ntorq 125 Brand New 2026,168000,Tvs,Ntorq 125,2026,0,125,Colombo
Bajaj Pulsar 150 2018,660000,Bajaj,Pulsar 150,2018,56726,150,Hambantota
Hero Maestro Edge 2018,285000,Hero,Maestro Edge,2018,69788,115,Anuradhapura
Bajaj Pulsar 150 2012,398000,Bajaj,Pulsar 150,2012,55000,150,Galle
Yadea T5 2025,415000,Yadea,T5,2025,7650,80,Colombo
TVS Star Sport 2011,155000,Tvs,Star Sport,2011,64587,125,Kandy
Bajaj Platina 2010,255000,Bajaj,Platina,2010,75000,100,Gampaha
Bajaj Pulsar 150 2020,835000,Bajaj,Pulsar 150,2020,34000,150,Ampara
Bajaj Discover 135 2009,385000,Bajaj,Discover,2009,100000,135,Kalutara
Bajaj Discover 2011,250000,Bajaj,Discover,2011,56200,150,Gampaha
Hero CD 100 2011,165000,Hero,Cd 100,2011,80000,100,Trincomalee
TVS Raider 125 2025,675000,Tvs,Raider 125,2025,3200,125,Trincomalee
Hero HF Deluxe 2018,380000,Hero,Hf Deluxe,2018,10500,100,Ampara
Bajaj Pulsar 150 2012,455000,Bajaj,Pulsar 150,2012,80000,150,Kandy
Suzuki GN 125 2018,690000,Suzuki,Gn 125,2018,43998,125,Ratnapura
Bajaj Discover 2011,260000,Bajaj,Discover,2011,76841,150,Matara
Bajaj Pulsar 150 Twin Disc 2018,640000,Bajaj,Pulsar 150,2018,70000,149,Kurunegala
Bajaj Pulsar RS200 2020,1250000,Bajaj,Pulsar Rs200,2020,54000,200,Jaffna
Bajaj CT100 2004,240000,Bajaj,Ct100,2004,820538,100,Puttalam
Bajaj Pulsar 150 2020,190000,Bajaj,Pulsar 150,2020,46000,150,Kurunegala
Honda Dio 2018,545000,Honda,Dio,2018,61230,110,Gampaha
Bajaj Pulsar NS200 BS7 2025,395000,Bajaj,Pulsar Ns200,2025,5590,200,Gampaha
Kawasaki D Tracker 2024,2380000,Kawasaki,D Tracker,2024,17000,250,Gampaha
Honda Dio 2020,575000,Honda,Dio,2020,38000,100,Jaffna
Hero Splendor i smart uced 2018,55000,Hero,Splendor I Smart,2018,66900,125,Kalutara
Bajaj Pulsar N160 Premium 2026,279145,Bajaj,Pulsar N160,2026,0,160,Gampaha
Bajaj Pulsar 150 2014 2016,510000,Bajaj,Pulsar 150,2016,100,150,Jaffna
TVS Ntorq 125 Race Edition 2026,199000,Tvs,Ntorq 125,2026,0,125,Colombo
Honda CB4 2017,4460000,Honda,Cb4,2017,15000,400,Vavuniya
Hero Hunk 2014,460000,Hero,Hunk,2014,55000,160,Kilinochchi
Bajaj Pulsar NS200 2026,509975,Bajaj,Pulsar Ns200,2026,0,200,Colombo
Hero XOOM 125R 2026,699000,Hero,Xoom 125R,2026,0,125,Galle
Bajaj Pulsar NS200 Brand New 2025,490110,Bajaj,Pulsar Ns200,2025,0,200,Colombo
Bajaj CT100 CT 100 Motorbike 2024,450000,Bajaj,Ct100,2024,6000,100,Kandy
Honda Twister 2017,330000,Honda,Twister,2017,24000,110,Colombo
Bajaj CT 110 2012,320000,Bajaj,Ct 110,2012,40000,100,Kandy
TVS Raider 125 2026,195000,Tvs,Raider 125,2026,0,125,Colombo
Yamaha Fzs V4 Auto 2025,368970,Yamaha,Fzs V4,2025,0,149,Colombo
Suzuki GN 125 Japan In Light 2001,400000,Suzuki,Gn 125,2001,89000,125,Colombo
Hero Passion pro 2019,345000,Hero,Passion Pro,2019,55000,120,Jaffna
Yamaha N Max 2019,880000,Yamaha,N Max,2019,37000,125,Colombo
Bajaj CT100 2020,495000,Bajaj,Ct100,2020,22400,100,Kurunegala
Honda Dio 2025,760000,Honda,Dio,2025,4000,100,Gampaha
Bajaj Discover 125 2026,250000,Bajaj,Discover 125,2026,0,125,Kalutara
Ranomoto GN125H 2025,550000,Ranomoto,Other Model,2025,2500,125,Badulla
Bajaj Pulsar N160 Premium 2026,299000,Bajaj,Pulsar N160,2026,0,160,Kegalle
Ranomoto Pattaya 2024,320000,Ranomoto,Pattaya,2024,16558,120,Jaffna
Honda PCX 125 2022,1450000,Honda,Pcx 125,2022,39000,125,Colombo
Bajaj Platina 100 ES 2015,365000,Bajaj,Platina 100 Es,2015,63782,100,Colombo
Bajaj Pulsar N125 2025,323000,Bajaj,Pulsar N125,2025,0,125,Colombo
Honda Super Club 50 2006,210000,Honda,Super Club,2006,80448,50,Kalutara
Bajaj Boxer 2004,165000,Bajaj,Boxer,2004,54000,100,Gampaha
Hero Pleasure Plus Used 2014,310000,Hero,Pleasure Plus,2014,41000,100,Matara
Yamaha MT 15 2019,1170000,Yamaha,Mt 15,2019,28000,155,Ampara
Honda Dio 2016,181000,Honda,Dio,2016,49350,128,Gampaha
Bajaj Discover 125 2025,217000,Bajaj,Discover 125,2025,0,125,Kalutara
Bajaj Caliber 2003,145000,Bajaj,Caliber,2003,54000,115,Colombo
Hero CD 100 2009,180000,Hero,Cd 100,2009,68977,100,Colombo
Yamaha FZs V2 2017,840000,Yamaha,Fzs V2,2017,40000,150,Colombo
Bajaj Pulsar NS200 2018,850000,Bajaj,Pulsar Ns200,2018,43240,200,Vavuniya
TVS Metro 2008,140000,Tvs,Metro,2008,288800,100,Kurunegala
Suzuki Burgman 2020,610000,Suzuki,Burgman,2020,62000,125,Gampaha
Bajaj Pulsar N160 premium 2025,458000,Bajaj,Pulsar N160,2025,0,160,Colombo
TVS Raider 125 Brand new 2026,188500,Tvs,Raider 125,2026,0,125,Gampaha
TVS Ntorq 125 Brand New 2026,155000,Tvs,Ntorq 125,2026,0,125,Colombo
Bajaj CT100 Brand New 2026,184500,Bajaj,Ct100,2026,0,100,Colombo
Bajaj Pulsar 150 2017,530000,Bajaj,Pulsar 150,2017,80000,150,Kalutara
TVS Raider 125 Brand New 2026,188500,Tvs,Raider 125,2026,0,125,Colombo
Yamaha FZs 2012,438000,Yamaha,Fzs,2012,68358,150,Gampaha
KTM Duke 160 Brand New 2026,771880,Ktm,Duke,2026,0,160,Colombo
TVS Ntorq Brand new 2026,158500,Tvs,Ntorq,2026,0,125,Kalutara
Bajaj Pulsar 150 2017,105000,Bajaj,Pulsar 150,2017,65000,150,Colombo
Bajaj Discover 125 2018,60000,Bajaj,Discover 125,2018,65000,125,Colombo
Kinetic Safari 48 Cc 2014,108000,Kinetic,Safari,2014,34525,48,Gampaha
Yamaha Mate 50 1994,65000,Yamaha,Mate,1994,54522,50,Gampaha
Hero Cbz Xtrem 150 2008,118000,Hero,Other Model,2008,34522,150,Gampaha
TVS Apache RTR 2012,350000,Tvs,Apache Rtr,2012,38000,150,Colombo
Bajaj CT100 ES Brand New 2026,149000,Bajaj,Ct100,2026,0,100,Colombo
Bajaj CT100 2026,184300,Bajaj,Ct100,2026,0,102,Kalutara
Yamaha FZ S v2 2017,765000,Yamaha,Fz S,2017,50000,150,Colombo
Honda Press Cub 50 2003,105000,Honda,Other Model,2003,36255,50,Gampaha
Bajaj CT100 Es Brand New 2026,149000,Bajaj,Ct100,2026,0,100,Gampaha
TVS Ntorq BKB 2025,740000,Tvs,Ntorq,2025,4000,125,Puttalam
Bajaj Platina 2013,79000,Bajaj,Platina,2013,11000,100,Galle
Bajaj Pulsar 150 2020,750000,Bajaj,Pulsar 150,2020,52000,150,Kalutara
Honda Hornet 2010,695000,Honda,Hornet,2010,11000,250,Kalutara
Yamaha R15 2020,1245000,Yamaha,R15,2020,35670,150,Jaffna
Bajaj V15 2017,335000,Bajaj,V15,2017,42100,150,Colombo
Bajaj Pulsar 135 2013,350000,Bajaj,Pulsar 135,2013,106000,135,Jaffna
Honda MD 2021,570000,Honda,Md,2021,57095,90,Jaffna
Honda Dio 2018,590000,Honda,Dio,2018,79000,110,Colombo
Honda Dio Red 2018,110000,Honda,Dio,2018,50000,110,Colombo
Bajaj Discover 125 used 2014,70000,Bajaj,Discover 125,2014,45800,125,Anuradhapura
Bajaj Discover 2006,220000,Bajaj,Discover,2006,90000,150,Trincomalee
Bajaj CT100 used 2016,465000,Bajaj,Ct100,2016,55400,100,Monaragala
Honda Dio 2019,605000,Honda,Dio,2019,32000,110,Colombo
Bajaj Discover 2008,385000,Bajaj,Discover,2008,60000,135,Kurunegala
TVS Ntorq 2023,628000,Tvs,Ntorq,2023,23525,125,Gampaha
Honda CB4 2010,1095000,Honda,Cb4,2010,75000,399,Kalutara
TVS Apache RTR 150 2009,180000,Tvs,Apache,2009,50000,150,Colombo
Bajaj Discover 150 2011,225000,Bajaj,Discover,2011,55000,150,Batticaloa
Bajaj CT100 2008,245000,Bajaj,Ct100,2008,45000,100,Monaragala
Bajaj Pulsar N160 2024,775000,Bajaj,Pulsar N160,2024,20000,164,Galle
Hero Splendor i smart 2015,260000,Hero,Splendor I Smart,2015,80000,100,Trincomalee
Senaro GN 125 2026,183750,Senaro,Gn 125,2026,0,125,Kandy
TVS Ntorq Brand New 2025,149900,Tvs,Ntorq,2025,0,125,Colombo
Bajaj Pulsar 150 2018,610000,Bajaj,Pulsar 150,2018,39856,150,Anuradhapura
Demak DTM 2013,290000,Demak,Dtm,2013,19500,150,Kurunegala
TVS Raider 125 2025,259000,Tvs,Raider 125,2025,0,125,Colombo
Honda Dio 2014,445000,Honda,Dio,2014,12732,110,Colombo
Bajaj Pulsar NS200 2016,1085000,Bajaj,Pulsar Ns200,2016,30155,200,Kalutara
Rise E Bike 2026,669900,Rise,Other Model,2026,0,2000,Kegalle
TVS Sport 110 2026,140000,Tvs,Sport,2026,0,125,Colombo
Bajaj CT100 ct 100 2025,185000,Bajaj,Ct100,2025,0,100,Colombo
TVS Ntorq 125 Brand New 2026,168500,Tvs,Ntorq 125,2026,0,125,Colombo
TVS Raider 125 Brand New 2025,188500,Tvs,Raider 125,2025,0,125,Kalutara
TVS Apache RTR 150 2017,285000,Tvs,Apache,2017,34522,150,Gampaha
Hero super cub 90 2015,99000,Hero,Other Model,2015,36225,90,Gampaha
Honda PCX160 2025,1800000,Honda,Pcx160,2025,25,160,Colombo
Loncin Super Cub 90 2016,145000,Loncin,Other Model,2016,35252,90,Gampaha
Yamaha Libero 100 2006,78000,Yamaha,Other Model,2006,98258,100,Gampaha
Bajaj CT100 2019,460000,Bajaj,Ct100,2019,36500,100,Mannar
Bajaj Pulsar 150 2017,650000,Bajaj,Pulsar 150,2017,24000,150,Colombo
TVS Ntorq Brand New 2025,149500,Tvs,Ntorq,2025,0,125,Gampaha
Bajaj Pulsar 150 2004,198000,Bajaj,Pulsar 150,2004,65000,150,Gampaha
Yamaha RayZR 2017,375000,Yamaha,Rayzr,2017,52000,113,Gampaha
Honda MD 90 2020,325000,Honda,Md,2020,50280,90,Jaffna
Yamaha Fzs V4 2025,1229900,Yamaha,Fzs V4,2025,0,149,Colombo
TVS Ntorq 125 Brand New 2021,158500,Tvs,Ntorq 125,2021,0,125,Colombo
Honda PCX 125 2025,1800000,Honda,Pcx 125,2025,0,125,Kandy
Bajaj CT100 2006,215000,Bajaj,Ct100,2006,55000,100,Monaragala
Bajaj Pulsar N160 Premium 2025,874950,Bajaj,Pulsar N160,2025,0,160,Colombo
Honda Dio 2019,595000,Honda,Dio,2019,55724,110,Gampaha
Bajaj Chetak Electric 2026,338475,Bajaj,Chetak Electric,2026,0,100,Gampaha
TVS 49 cc 2017,135000,Tvs,Other Model,2017,25000,49,Kurunegala
Hero XOOM 125R 2026,414950,Hero,Xoom 125R,2026,0,125,Colombo
Bajaj Pulsar NS200 2025,515000,Bajaj,Pulsar Ns200,2025,0,200,Colombo
Yamaha Ray ZR 2025,719900,Yamaha,Ray Zr,2025,0,113,Gampaha
Hero HF Deluxe 100HF 2026,288950,Hero,Hf Deluxe,2026,0,100,Colombo
Bajaj XCD 125 2009,155000,Bajaj,Xcd 125,2009,82255,125,Gampaha
Hero Xoom I3s EFI 2026,357950,Hero,Xoom I3S,2026,0,110,Colombo
TVS Metro 100 2016,248000,Tvs,Metro,2016,38255,100,Gampaha
Yamaha RayZR Street rally 2026,719900,Yamaha,Rayzr,2026,0,125,Gampaha
Hero XOOM 125R 125 2026,414950,Hero,Xoom 125R,2026,0,125,Colombo
TVS Scooty Pep Gray 2018,75000,Tvs,Scooty Pep,2018,26000,90,Colombo
Bajaj Boxer CT Delux 2003,165000,Bajaj,Boxer,2003,155580,100,Kegalle
Yamaha FZs V2 2019,870000,Yamaha,Fzs V2,2019,41650,150,Galle
Bajaj V15 2015,325000,Bajaj,V15,2015,73000,135,Kalutara
Bajaj CT100 2025,185610,Bajaj,Ct100,2025,0,100,Colombo
Bajaj Pulsar NS200 2026,1079950,Bajaj,Pulsar Ns200,2026,0,200,Kalutara
Honda Grazia 125 DX 2019,115000,Honda,Grazia 125,2019,34000,125,Colombo
Bajaj Discover 125 2026,250000,Bajaj,Discover 125,2026,125,160,Gampaha
TVS Streak 2012,210000,Tvs,Streak,2012,100000,90,Trincomalee
Bajaj Discover 150 2012,260000,Bajaj,Discover,2012,90000,150,Kurunegala
Bajaj Pulsar NS200 2026,490000,Bajaj,Pulsar Ns200,2026,0,200,Gampaha
Honda Dio 2018,562000,Honda,Dio,2018,41000,110,Jaffna
Yamaha Mate 90 1990,135000,Yamaha,Mate,1990,80000,90,Kurunegala
Bajaj Discover 125 Disk 2018,65000,Bajaj,Discover 125,2018,41000,125,Colombo
Honda Dio 2017,500000,Honda,Dio,2017,35000,110,Kandy
Bajaj Platina 2018,430000,Bajaj,Platina,2018,57800,100,Galle
Hero Passion pro 100 2011,270000,Hero,Passion Pro,2011,29501,100,Batticaloa
TVS Ntorq Disk 2019,560000,Tvs,Ntorq,2019,26000,125,Colombo
Bajaj Discover 125 2014,345000,Bajaj,Discover 125,2014,38000,1288,Anuradhapura
KTM Duke 125 2020,840000,Ktm,Duke 125,2020,58000,125,Mannar
Bajaj Platina 100 ES 2015,325000,Bajaj,Platina 100 Es,2015,37343,100,Kalutara
TVS Scooty Pep+ 2017,350000,Tvs,Scooty Pep+,2017,93600,90,Trincomalee
Honda Activa 2014,355000,Honda,Activa,2014,50000,110,Jaffna
Hero Pleasure 2015,280000,Hero,Pleasure,2015,72500,100,Gampaha
Honda CB4 2016,3350000,Honda,Cb4,2016,40758,400,Matale
Honda Dio uced 2016,85000,Honda,Dio,2016,46500,110,Kalutara
Bajaj Pulsar N160 Usd Premium DualABS 2025,457975,Bajaj,Pulsar N160,2025,0,160,Colombo
TVS Sport 110 2026,131100,Tvs,Sport,2026,0,110,Colombo
Bajaj CT100 Brand New 2026,149045,Bajaj,Ct100,2026,0,100,Gampaha
TVS Ntorq Disk 2019,140000,Tvs,Ntorq,2019,26000,125,Colombo
Bajaj CT100 Brand new 2026,149045,Bajaj,Ct100,2026,0,100,Colombo
Bajaj Pulsar 150 2012,400000,Bajaj,Pulsar 150,2012,70000,150,Galle
Yamaha Ray 2013,330000,Yamaha,Ray,2013,36000,110,Kandy
Honda Grazia 125 Red 2019,520000,Honda,Grazia,2019,91500,125,Gampaha
Bajaj Boxer 2000,145000,Bajaj,Boxer,2000,95870,100,Gampaha
Bajaj CT100 2016,480000,Bajaj,Ct100,2016,80000,100,Ratnapura
Bajaj Pulsar 150 2011,390000,Bajaj,Pulsar 150,2011,43000,150,Ratnapura
Honda PCX 125 2014,790000,Honda,Pcx 125,2014,90000,125,Gampaha
Hero Pleasure uced 2013,300000,Hero,Pleasure,2013,66900,110,Kalutara
TVS Star Sport 2008,155000,Tvs,Star Sport,2008,40000,100,Matara
Honda Dio 2019,570000,Honda,Dio,2019,35000,110,Kandy
Bajaj Discover 135 2008,325000,Bajaj,Discover,2008,65000,135,Kurunegala
Honda Dio 48 2026,230000,Honda,Dio,2026,5000,48,Gampaha
Hero XOOM 125R 2025,249000,Hero,Xoom 125R,2025,0,125,Colombo
TVS Apache 160 2008,250000,Tvs,Apache,2008,55241,160,Kurunegala
Bajaj Discover 135 2008,320000,Bajaj,Discover,2008,30714,135,Anuradhapura
Hero Hunk 160R 2025,860000,Hero,Hunk 160R,2025,1469,160,Gampaha
Honda CB Shine 2016,400000,Honda,Cb Shine,2016,15639,125,Trincomalee
TVS Star City Plus 2006,125000,Tvs,Star City Plus,2006,50000,100,Colombo
TVS Raider 125 brand new 2025,259000,Tvs,Raider 125,2025,0,125,Colombo
Honda Dio 2017,545000,Honda,Dio,2017,30000,110,Kandy
TVS Raider 125 2021,259000,Tvs,Raider 125,2021,0,125,Colombo
Hero Xtreme 125R Brand new 2025,233000,Hero,Xtreme 125R,2025,0,125,Colombo
Honda Dio 2019,575000,Honda,Dio,2019,35000,110,Kandy
Honda Dio 2017,545000,Honda,Dio,2017,36000,110,Kandy
Bajaj Pulsar 180 2007,260000,Bajaj,Pulsar 180,2007,150000,180,Badulla
Bajaj CT100 ES Brand New 2026,174000,Bajaj,Ct100,2026,0,100,Kegalle
Honda Dio Black /White 2015,495000,Honda,Dio,2015,29638,110,Puttalam
Hero Pleasure White 2010,255000,Hero,Pleasure,2010,29852,90,Puttalam
Hero Pleasure Black 2011,275000,Hero,Pleasure,2011,29587,90,Puttalam
Bajaj Pulsar 150 2006,140000,Bajaj,Pulsar 150,2006,47000,150,Kandy
Demak DTM 2013,235000,Demak,Dtm,2013,60000,150,Kandy
Hero Dash 2015,260000,Hero,Dash,2015,34500,118,Kurunegala
Demak DTM 2013,200000,Demak,Dtm,2013,12315,150,Kandy
Bajaj CT100 Brand New 2026,174000,Bajaj,Ct100,2026,0,100,Gampaha
TVS Ntorq 125 2026,55900,Tvs,Ntorq 125,2026,0,125,Colombo
Bajaj CT100 CT 2006,248000,Bajaj,Ct100,2006,45000,100,Colombo
Hero Pleasure dawn pemant 100000 2013,297000,Hero,Pleasure,2013,39888,100,Gampaha
Bajaj Discover 125 2011,235000,Bajaj,Discover 125,2011,67000,125,Ratnapura
Bajaj XCD 135 2009,200000,Bajaj,Xcd,2009,45000,135,Matara
Bajaj CT100 2013,355000,Bajaj,Ct100,2013,38110,99,Gampaha
Bajaj CT100 Brand New 2026,569950,Bajaj,Ct100,2026,0,100,Kegalle
Bajaj Discover 125 Red 2026,245000,Bajaj,Discover 125,2026,0,125,Kegalle
TVS Wego 2016,460000,Tvs,Wego,2016,34500,110,Jaffna
Yamaha FZ V 3 2019,235000,Yamaha,Fz,2019,32000,150,Colombo
Singer Lima ELO7 2025,420000,Singer Lima,Elo7,2025,538,1500,Kegalle
Honda Dio 2017,495000,Honda,Dio,2017,41000,110,Kandy
Yamaha Ray ZR 2025,824900,Yamaha,Ray Zr,2025,0,125,Colombo
TVS Wego 110 2014,350000,Tvs,Wego 110,2014,89972,110,Puttalam
Bajaj Pulsar 150 used 2018,140000,Bajaj,Pulsar 150,2018,43000,150,Anuradhapura
Bajaj Discover 125 Blue 2026,245000,Bajaj,Discover 125,2026,0,125,Kegalle
TVS Scooty Pep+ 2006,178000,Tvs,Scooty Pep+,2006,72500,90,Badulla
Bajaj Discover 125 2026,245000,Bajaj,Discover 125,2026,0,125,Kurunegala
Bajaj Pulsar 150 2012,345000,Bajaj,Pulsar 150,2012,80000,150,Kalutara
